{"method": "bayes", "name": "CM_FB_p21", "parameters": {"CELL_DAY_TYPE": {"values": ["p2-1"]}, 

"TARGETVOLUME_FB":           {"distribution": "uniform", "min": 100,  "max": 400},
"GN_FB":           {"distribution": "uniform", "min": 1,  "max": 1000}, 
"INELASTICITY_FB": {"distribution": "uniform", "min": 1,  "max": 400}, 
"DETACH_FB":       {"distribution": "uniform", "min": 10,  "max": 300}, 
"LMAX_FB":         {"distribution": "uniform", "min": 10,  "max": 150},
"MAX_FOCALS_FB":   {"distribution": "int_uniform", "min": 4,"max": 40},
"TARGETVOLUME_CM":           {"distribution": "uniform", "min": 100,  "max": 400},
"GN_CM":           {"distribution": "uniform", "min": 1,  "max": 1000}, 
"INELASTICITY_CM": {"distribution": "uniform", "min": 1,  "max": 400}, 
"DETACH_CM":       {"distribution": "uniform", "min": 10,  "max": 300}, 
"LMAX_CM":         {"distribution": "uniform", "min": 10,  "max": 150},
"MAX_FOCALS_CM":   {"distribution": "int_uniform", "min": 4,"max": 40},

"metric": {"name": "mean_metric", "goal": "minimize"}}
