{"method": "bayes", "name": "GN, INELASTICITY AND DETACH CM / FB", "parameters": {"CELL_DAY_TYPE": {"values": ["d20"]}, "GN_CM": {"distribution": "uniform", "min": 1, "max": 10000}, "INELASTICITY_CM": {"distribution": "uniform", "min": 1, "max": 10000}, "DETACH_CM": {"distribution": "uniform", "min": 1, "max": 10000}, "GN_FB": {"distribution": "uniform", "min": 1, "max": 10000}, "INELASTICITY_FB": {"distribution": "uniform", "min": 1, "max": 10000}, "DETACH_FB": {"distribution": "uniform", "min": 1, "max": 10000}}, "metric": {"name": "mean_entropy", "goal": "minimize"}}