{"method": "bayes", "name": "GN, INELASTICITY AND DETACH CM / FB", "parameters": {"CELL_DAY_TYPE": {"values": ["d20"]}, "JCMCM": {"distribution": "uniform", "min": 0.1, "max": 5}, "JFBFB": {"distribution": "uniform", "min": 0.1, "max": 5}, "JFBCM": {"distribution": "uniform", "min": 0.1, "max": 5}, "UNLEASH_CM": {"distribution": "uniform", "min": 10, "max": 400}, "UNLEASH_FB": {"distribution": "uniform", "min": 10, "max": 400}, "LMAX_CM": {"distribution": "uniform", "min": 2, "max": 100}, "LMAX_FB": {"distribution": "uniform", "min": 2, "max": 100}, "MAX_FOCALS_CM": {"distribution": "int_uniform", "min": 20, "max": 100}, "MAX_FOCALS_FB": {"distribution": "int_uniform", "min": 20, "max": 100}}, "metric": {"name": "mean_entropy", "goal": "minimize"}}